,deposit
0,yes
1,yes
2,no
3,yes
4,no
5,yes
6,yes
7,no
8,no
9,no
10,yes
11,no
12,yes
13,no
14,yes
15,no
16,yes
17,no
18,no
19,no
20,no
21,no
22,no
23,yes
24,no
25,yes
26,no
27,yes
28,no
29,yes
30,no
31,yes
32,yes
33,yes
34,no
35,no
36,no
37,no
38,no
39,no
40,no
41,no
42,no
43,yes
44,no
45,no
46,no
47,yes
48,yes
49,no
50,no
51,no
52,yes
53,no
54,no
55,yes
56,no
57,no
58,no
59,no
60,no
61,yes
62,no
63,no
64,yes
65,no
66,no
67,no
68,no
69,no
70,no
71,no
72,yes
73,yes
74,no
75,no
76,yes
77,no
78,yes
79,no
80,yes
81,yes
82,yes
83,yes
84,no
85,yes
86,no
87,yes
88,no
89,yes
90,no
91,no
92,no
93,yes
94,yes
95,yes
96,yes
97,no
98,no
99,yes
100,yes
101,no
102,yes
103,no
104,yes
105,no
106,no
107,no
108,yes
109,yes
110,no
111,no
112,no
113,yes
114,no
115,yes
116,yes
117,no
118,no
119,no
120,no
121,yes
122,yes
123,yes
124,no
125,no
126,no
127,yes
128,yes
129,yes
130,yes
131,no
132,no
133,no
134,no
135,no
136,no
137,yes
138,no
139,yes
140,no
141,yes
142,no
143,no
144,no
145,no
146,no
147,yes
148,yes
149,yes
150,yes
151,yes
152,yes
153,yes
154,no
155,no
156,yes
157,yes
158,no
159,no
160,no
161,no
162,no
163,no
164,yes
165,no
166,yes
167,no
168,no
169,no
170,no
171,no
172,no
173,yes
174,no
175,yes
176,no
177,no
178,no
179,no
180,yes
181,yes
182,yes
183,yes
184,no
185,yes
186,no
187,no
188,yes
189,no
190,no
191,no
192,no
193,no
194,no
195,yes
196,no
197,no
198,yes
199,no
200,yes
201,yes
202,yes
203,no
204,yes
205,no
206,yes
207,no
208,no
209,yes
210,yes
211,no
212,no
213,no
214,no
215,yes
216,no
217,yes
218,no
219,yes
220,no
221,no
222,no
223,no
224,no
225,no
226,no
227,yes
228,no
229,yes
230,no
231,yes
232,yes
233,yes
234,no
235,no
236,yes
237,no
238,yes
239,no
240,no
241,yes
242,no
243,no
244,no
245,no
246,no
247,yes
248,no
249,yes
250,yes
251,no
252,no
253,no
254,no
255,no
256,no
257,yes
258,no
259,yes
260,yes
261,no
262,yes
263,yes
264,yes
265,no
266,no
267,no
268,yes
269,yes
270,no
271,no
272,yes
273,no
274,yes
275,no
276,yes
277,yes
278,no
279,no
280,no
281,yes
282,yes
283,yes
284,yes
285,yes
286,no
287,yes
288,no
289,yes
290,no
291,yes
292,yes
293,no
294,no
295,yes
296,yes
297,yes
298,yes
299,no
300,no
301,yes
302,yes
303,yes
304,no
305,no
306,no
307,no
308,no
309,yes
310,no
311,no
312,no
313,yes
314,no
315,no
316,no
317,no
318,yes
319,yes
320,yes
321,no
322,yes
323,yes
324,no
325,yes
326,yes
327,yes
328,yes
329,no
330,no
331,no
332,no
333,yes
334,yes
335,no
336,yes
337,no
338,no
339,yes
340,no
341,no
342,no
343,yes
344,no
345,no
346,no
347,yes
348,no
349,yes
350,no
351,no
352,no
353,no
354,yes
355,no
356,yes
357,yes
358,yes
359,no
360,yes
361,yes
362,yes
363,yes
364,no
365,no
366,no
367,no
368,no
369,yes
370,no
371,yes
372,no
373,no
374,no
375,yes
376,no
377,no
378,no
379,no
380,no
381,yes
382,no
383,no
384,no
385,no
386,no
387,no
388,yes
389,yes
390,no
391,no
392,no
393,yes
394,yes
395,no
396,yes
397,no
398,no
399,no
400,no
401,no
402,yes
403,yes
404,yes
405,no
406,yes
407,yes
408,yes
409,no
410,no
411,yes
412,no
413,no
414,no
415,yes
416,yes
417,no
418,yes
419,no
420,no
421,yes
422,yes
423,no
424,no
425,no
426,no
427,yes
428,yes
429,no
430,yes
431,no
432,no
433,no
434,yes
435,yes
436,no
437,no
438,yes
439,yes
440,yes
441,no
442,no
443,yes
444,no
445,no
446,yes
447,no
448,yes
449,no
450,yes
451,yes
452,no
453,no
454,no
455,no
456,yes
457,no
458,no
459,no
460,no
461,no
462,no
463,yes
464,no
465,no
466,yes
467,yes
468,no
469,yes
470,yes
471,yes
472,no
473,yes
474,no
475,no
476,no
477,no
478,no
479,yes
480,no
481,no
482,yes
483,no
484,yes
485,no
486,no
487,no
488,no
489,yes
490,yes
491,no
492,no
493,yes
494,yes
495,yes
496,yes
497,yes
498,yes
499,no
500,yes
501,yes
502,yes
503,no
504,no
505,no
506,yes
507,yes
508,yes
509,no
510,no
511,no
512,no
513,no
514,no
515,no
516,yes
517,no
518,no
519,yes
520,no
521,no
522,yes
523,yes
524,yes
525,yes
526,yes
527,no
528,no
529,no
530,yes
531,yes
532,no
533,no
534,no
535,no
536,no
537,yes
538,no
539,no
540,no
541,no
542,yes
543,yes
544,yes
545,yes
546,yes
547,no
548,yes
549,no
550,no
551,no
552,no
553,no
554,yes
555,yes
556,no
557,yes
558,no
559,no
560,no
561,no
562,yes
563,no
564,yes
565,yes
566,no
567,no
568,no
569,no
570,no
571,yes
572,yes
573,no
574,no
575,no
576,yes
577,no
578,no
579,no
580,yes
581,no
582,yes
583,yes
584,no
585,yes
586,no
587,no
588,yes
589,no
590,yes
591,yes
592,yes
593,no
594,yes
595,no
596,no
597,yes
598,no
599,yes
600,yes
601,no
602,no
603,no
604,yes
605,no
606,no
607,no
608,no
609,no
610,no
611,no
612,yes
613,no
614,no
615,no
616,yes
617,yes
618,yes
619,no
620,no
621,yes
622,no
623,no
624,no
625,no
626,no
627,no
628,no
629,no
630,yes
631,no
632,no
633,no
634,no
635,no
636,yes
637,yes
638,no
639,no
640,no
641,no
642,no
643,no
644,no
645,yes
646,yes
647,yes
648,yes
649,no
650,no
651,yes
652,yes
653,yes
654,no
655,no
656,no
657,yes
658,no
659,yes
660,no
661,yes
662,yes
663,no
664,no
665,no
666,yes
667,no
668,no
669,no
670,no
671,yes
672,yes
673,yes
674,yes
675,no
676,yes
677,no
678,no
679,yes
680,yes
681,no
682,no
683,yes
684,no
685,yes
686,no
687,no
688,yes
689,no
690,no
691,yes
692,no
693,yes
694,yes
695,yes
696,yes
697,yes
698,yes
699,no
700,yes
701,yes
702,no
703,yes
704,yes
705,yes
706,no
707,yes
708,no
709,yes
710,yes
711,yes
712,no
713,no
714,yes
715,yes
716,yes
717,no
718,yes
719,yes
720,yes
721,yes
722,no
723,yes
724,yes
725,no
726,no
727,no
728,yes
729,yes
730,yes
731,no
732,no
733,yes
734,no
735,no
736,no
737,no
738,yes
739,no
740,yes
741,no
742,no
743,yes
744,yes
745,no
746,no
747,yes
748,yes
749,no
750,yes
751,no
752,yes
753,no
754,no
755,no
756,no
757,yes
758,yes
759,no
760,no
761,no
762,yes
763,yes
764,no
765,yes
766,no
767,no
768,yes
769,no
770,yes
771,no
772,yes
773,yes
774,no
775,yes
776,yes
777,no
778,yes
779,yes
780,yes
781,no
782,no
783,yes
784,no
785,no
786,no
787,no
788,no
789,yes
790,no
791,no
792,no
793,yes
794,yes
795,no
796,no
797,no
798,no
799,no
800,yes
801,no
802,no
803,no
804,no
805,no
806,no
807,yes
808,yes
809,yes
810,yes
811,no
812,no
813,yes
814,yes
815,no
816,yes
817,yes
818,yes
819,no
820,no
821,yes
822,yes
823,no
824,no
825,no
826,yes
827,yes
828,yes
829,no
830,no
831,no
832,yes
833,no
834,no
835,no
836,no
837,yes
838,yes
839,yes
840,yes
841,no
842,no
843,no
844,yes
845,no
846,no
847,no
848,no
849,no
850,yes
851,no
852,no
853,yes
854,yes
855,yes
856,no
857,no
858,yes
859,no
860,no
861,yes
862,no
863,no
864,yes
865,yes
866,yes
867,yes
868,no
869,yes
870,yes
871,no
872,yes
873,yes
874,yes
875,yes
876,yes
877,yes
878,no
879,yes
880,no
881,no
882,no
883,no
884,yes
885,yes
886,no
887,yes
888,no
889,no
890,no
891,no
892,yes
893,yes
894,yes
895,no
896,no
897,yes
898,no
899,yes
900,yes
901,yes
902,yes
903,no
904,yes
905,no
906,yes
907,yes
908,yes
909,no
910,no
911,no
912,yes
913,no
914,no
915,no
916,yes
917,no
918,no
919,no
920,no
921,no
922,no
923,yes
924,no
925,no
926,yes
927,yes
928,no
929,no
930,no
931,yes
932,yes
933,yes
934,yes
935,no
936,no
937,no
938,no
939,yes
940,yes
941,yes
942,no
943,yes
944,no
945,yes
946,yes
947,no
948,yes
949,yes
950,no
951,no
952,no
953,yes
954,no
955,yes
956,no
957,no
958,yes
959,no
960,no
961,no
962,yes
963,no
964,yes
965,yes
966,no
967,yes
968,no
969,yes
970,yes
971,yes
972,no
973,no
974,yes
975,yes
976,no
977,yes
978,no
979,no
980,yes
981,yes
982,no
983,no
984,no
985,no
986,no
987,yes
988,no
989,yes
990,yes
991,yes
992,no
993,yes
994,yes
995,yes
996,no
997,no
998,yes
999,no
1000,yes
1001,no
1002,no
1003,yes
1004,yes
1005,yes
1006,no
1007,no
1008,yes
1009,yes
1010,no
1011,no
1012,no
1013,no
1014,yes
1015,no
1016,no
1017,no
1018,no
1019,yes
1020,yes
1021,no
1022,no
1023,no
1024,yes
1025,no
1026,yes
1027,yes
1028,yes
1029,no
1030,yes
1031,yes
1032,no
1033,no
1034,no
1035,no
1036,yes
1037,no
1038,no
1039,no
1040,no
1041,no
1042,yes
1043,yes
1044,yes
1045,no
1046,yes
1047,yes
1048,yes
1049,no
1050,yes
1051,no
1052,yes
1053,yes
1054,yes
1055,no
1056,yes
1057,no
1058,no
1059,no
1060,yes
1061,no
1062,yes
1063,no
1064,no
1065,no
1066,yes
1067,yes
1068,yes
1069,yes
1070,no
1071,yes
1072,no
1073,yes
1074,yes
1075,no
1076,no
1077,yes
1078,yes
1079,yes
1080,no
1081,yes
1082,no
1083,yes
1084,no
1085,yes
1086,yes
1087,no
1088,no
1089,yes
1090,no
1091,no
1092,yes
1093,yes
1094,no
1095,yes
1096,no
1097,no
1098,no
1099,yes
1100,no
1101,yes
1102,no
1103,yes
1104,no
1105,no
1106,yes
1107,no
1108,no
1109,no
1110,no
1111,no
1112,yes
1113,yes
1114,yes
1115,yes
1116,no
1117,yes
1118,yes
1119,yes
1120,yes
1121,yes
1122,yes
1123,no
1124,no
1125,no
1126,no
1127,no
1128,no
1129,no
1130,yes
1131,no
1132,yes
1133,no
1134,no
1135,no
1136,no
1137,yes
1138,yes
1139,yes
1140,no
1141,yes
1142,yes
1143,yes
1144,yes
1145,yes
1146,yes
1147,no
1148,yes
1149,yes
1150,yes
1151,yes
1152,no
1153,yes
1154,no
1155,no
1156,no
1157,yes
1158,no
1159,yes
1160,no
1161,no
1162,no
1163,no
1164,yes
1165,yes
1166,no
1167,no
1168,yes
1169,no
1170,no
1171,no
1172,no
1173,no
1174,yes
1175,no
1176,yes
1177,no
1178,no
1179,no
1180,no
1181,no
1182,no
1183,no
1184,yes
1185,no
1186,no
1187,no
1188,yes
1189,yes
1190,no
1191,no
1192,no
1193,no
1194,yes
1195,no
1196,yes
1197,no
1198,no
1199,yes
1200,no
1201,no
1202,yes
1203,yes
1204,yes
1205,no
1206,no
1207,yes
1208,yes
1209,yes
1210,yes
1211,yes
1212,yes
1213,no
1214,no
1215,yes
1216,yes
1217,yes
1218,yes
1219,no
1220,yes
1221,yes
1222,yes
1223,no
1224,yes
1225,no
1226,yes
1227,no
1228,no
1229,yes
1230,yes
1231,yes
1232,no
1233,yes
1234,no
1235,yes
1236,yes
1237,no
1238,no
1239,no
1240,yes
1241,no
1242,yes
1243,no
1244,yes
1245,no
1246,no
1247,yes
1248,no
1249,no
1250,yes
1251,yes
1252,no
1253,no
1254,no
1255,yes
1256,yes
1257,yes
1258,yes
1259,no
1260,yes
1261,yes
1262,no
1263,yes
1264,no
1265,no
1266,yes
1267,no
1268,yes
1269,yes
1270,no
1271,no
1272,no
1273,no
1274,no
1275,yes
1276,yes
1277,no
1278,yes
1279,yes
1280,no
1281,yes
1282,no
1283,yes
1284,yes
1285,yes
1286,yes
1287,no
1288,no
1289,yes
1290,yes
1291,no
1292,no
1293,no
1294,no
1295,yes
1296,no
1297,yes
1298,no
1299,yes
1300,yes
1301,yes
1302,yes
1303,no
1304,yes
1305,no
1306,no
1307,yes
1308,no
1309,yes
1310,yes
1311,no
1312,no
1313,yes
1314,yes
1315,no
1316,no
1317,yes
1318,no
1319,no
1320,no
1321,yes
1322,no
1323,no
1324,yes
1325,no
1326,no
1327,no
1328,no
1329,no
1330,yes
1331,yes
1332,yes
1333,no
1334,yes
1335,yes
1336,no
1337,yes
1338,yes
1339,yes
1340,no
1341,no
1342,yes
1343,yes
1344,yes
1345,no
1346,no
1347,no
1348,yes
1349,no
1350,no
1351,no
1352,no
1353,no
1354,no
1355,yes
1356,yes
1357,no
1358,no
1359,no
1360,no
1361,no
1362,no
1363,yes
1364,no
1365,no
1366,no
1367,yes
1368,yes
1369,no
1370,no
1371,no
1372,yes
1373,no
1374,no
1375,no
1376,yes
1377,no
1378,no
1379,no
1380,yes
1381,no
1382,no
1383,no
1384,no
1385,no
1386,no
1387,no
1388,yes
1389,no
1390,yes
1391,no
1392,yes
1393,yes
1394,yes
1395,no
1396,yes
1397,yes
1398,no
1399,yes
1400,yes
1401,no
1402,no
1403,yes
1404,no
1405,yes
1406,yes
1407,yes
1408,no
1409,yes
1410,yes
1411,yes
1412,no
1413,yes
1414,no
1415,yes
1416,no
1417,yes
1418,yes
1419,yes
1420,yes
1421,yes
1422,yes
1423,no
1424,yes
1425,yes
1426,no
1427,yes
1428,yes
1429,yes
1430,no
1431,no
1432,no
1433,no
1434,yes
1435,no
1436,no
1437,no
1438,no
1439,no
1440,no
1441,no
1442,no
1443,no
1444,no
1445,no
1446,no
1447,yes
1448,yes
1449,yes
1450,yes
1451,no
1452,yes
1453,yes
1454,yes
1455,no
1456,yes
1457,no
1458,no
1459,no
1460,no
1461,no
1462,no
1463,no
1464,yes
1465,yes
1466,no
1467,no
1468,yes
1469,yes
1470,yes
1471,no
1472,no
1473,yes
1474,no
1475,yes
1476,no
1477,no
1478,no
1479,yes
1480,no
1481,yes
1482,no
1483,yes
1484,no
1485,no
1486,yes
1487,yes
1488,yes
1489,no
1490,yes
1491,no
1492,no
1493,no
1494,no
1495,yes
1496,no
1497,no
1498,no
1499,no
1500,yes
1501,yes
1502,no
1503,no
1504,no
1505,no
1506,yes
1507,yes
1508,yes
1509,no
1510,yes
1511,no
1512,no
1513,yes
1514,no
1515,no
1516,no
1517,yes
1518,no
1519,no
1520,yes
1521,yes
1522,no
1523,yes
1524,no
1525,yes
1526,yes
1527,yes
1528,no
1529,yes
1530,no
1531,yes
1532,no
1533,no
1534,no
1535,yes
1536,yes
1537,yes
1538,no
1539,no
1540,yes
1541,yes
1542,yes
1543,no
1544,yes
1545,yes
1546,yes
1547,no
1548,yes
1549,no
1550,no
1551,yes
1552,no
1553,no
1554,no
1555,yes
1556,no
1557,no
1558,no
1559,no
1560,no
1561,no
1562,no
1563,no
1564,yes
1565,no
1566,no
1567,no
1568,no
1569,yes
1570,yes
1571,no
1572,yes
1573,yes
1574,no
1575,yes
1576,no
1577,yes
1578,yes
1579,no
1580,yes
1581,yes
1582,no
1583,yes
1584,no
1585,yes
1586,no
1587,no
1588,no
1589,no
1590,no
1591,yes
1592,yes
1593,no
1594,no
1595,yes
1596,yes
1597,no
1598,no
1599,yes
1600,no
1601,no
1602,no
1603,no
1604,no
1605,no
1606,yes
1607,no
1608,no
1609,yes
1610,no
1611,no
1612,no
1613,yes
1614,no
1615,yes
1616,yes
1617,yes
1618,no
1619,no
1620,yes
1621,no
1622,no
1623,no
1624,no
1625,no
1626,no
1627,no
1628,no
1629,yes
1630,no
1631,yes
1632,yes
1633,no
1634,no
1635,yes
1636,yes
1637,no
1638,no
1639,yes
1640,no
1641,yes
1642,yes
1643,no
1644,yes
1645,no
1646,no
1647,yes
1648,no
1649,no
1650,no
1651,no
1652,yes
1653,yes
1654,no
1655,no
1656,yes
1657,no
1658,yes
1659,no
1660,yes
1661,yes
1662,yes
1663,yes
1664,yes
1665,no
1666,no
1667,no
1668,no
1669,yes
1670,no
1671,yes
1672,yes
1673,yes
1674,yes
1675,no
1676,yes
1677,yes
1678,yes
1679,no
1680,yes
1681,no
1682,yes
1683,no
1684,no
1685,no
1686,no
1687,no
1688,no
1689,no
1690,no
1691,no
1692,yes
1693,no
1694,yes
1695,yes
1696,no
1697,no
1698,yes
1699,no
1700,no
1701,yes
1702,yes
1703,no
1704,yes
1705,no
1706,yes
1707,yes
1708,yes
1709,no
1710,yes
1711,yes
1712,no
1713,no
1714,no
1715,no
1716,no
1717,yes
1718,no
1719,no
1720,yes
1721,yes
1722,yes
1723,yes
1724,yes
1725,no
1726,yes
1727,no
1728,yes
1729,no
1730,no
1731,yes
1732,no
1733,yes
1734,yes
1735,no
1736,no
1737,yes
1738,yes
1739,yes
1740,no
1741,yes
1742,no
1743,no
1744,yes
1745,yes
1746,no
1747,yes
1748,no
1749,yes
1750,yes
1751,yes
1752,yes
1753,no
1754,no
1755,yes
1756,no
1757,no
1758,no
1759,yes
1760,no
1761,yes
1762,yes
1763,yes
1764,no
1765,yes
1766,no
1767,yes
1768,yes
1769,no
1770,no
1771,yes
1772,yes
1773,yes
1774,yes
1775,yes
1776,yes
1777,yes
1778,no
1779,no
1780,no
1781,no
1782,yes
1783,yes
1784,no
1785,no
1786,no
1787,yes
1788,yes
1789,no
1790,yes
1791,yes
1792,yes
1793,no
1794,no
1795,no
1796,no
1797,no
1798,no
1799,no
1800,no
1801,no
1802,yes
1803,yes
1804,yes
1805,yes
1806,yes
1807,yes
1808,no
1809,no
1810,yes
1811,no
1812,yes
1813,no
1814,no
1815,yes
1816,no
1817,yes
1818,yes
1819,no
1820,yes
1821,no
1822,yes
1823,no
1824,no
1825,no
1826,no
1827,no
1828,no
1829,no
1830,yes
1831,no
1832,yes
1833,yes
1834,no
1835,no
1836,yes
1837,yes
1838,yes
1839,no
1840,no
1841,no
1842,no
1843,yes
1844,no
1845,yes
1846,no
1847,no
1848,no
1849,yes
1850,yes
1851,no
1852,yes
1853,no
1854,yes
1855,no
1856,no
1857,no
1858,no
1859,no
1860,no
1861,no
1862,no
1863,no
1864,yes
1865,no
1866,no
1867,no
1868,yes
1869,yes
1870,yes
1871,no
1872,yes
1873,yes
1874,yes
1875,no
1876,yes
1877,yes
1878,no
1879,no
1880,yes
1881,no
1882,no
1883,yes
1884,no
1885,yes
1886,no
1887,yes
1888,no
1889,no
1890,no
1891,yes
1892,yes
1893,yes
1894,yes
1895,no
1896,yes
1897,no
1898,no
1899,yes
1900,yes
1901,no
1902,no
1903,no
1904,no
1905,yes
1906,no
1907,no
1908,no
1909,yes
1910,no
1911,no
1912,no
1913,yes
1914,no
1915,no
1916,no
1917,no
1918,yes
1919,yes
1920,no
1921,yes
1922,yes
1923,no
1924,no
1925,yes
1926,yes
1927,no
1928,no
1929,yes
1930,no
1931,no
1932,no
1933,no
1934,yes
1935,yes
1936,no
1937,no
1938,yes
1939,no
1940,yes
1941,yes
1942,yes
1943,yes
1944,yes
1945,no
1946,yes
1947,no
1948,yes
1949,yes
1950,yes
1951,no
1952,no
1953,yes
1954,yes
1955,no
1956,no
1957,no
1958,no
1959,no
1960,no
1961,yes
1962,no
1963,yes
1964,yes
1965,yes
1966,yes
1967,no
1968,no
1969,no
1970,no
1971,yes
1972,no
1973,yes
1974,no
1975,yes
1976,no
1977,yes
1978,yes
1979,yes
1980,yes
1981,no
1982,yes
1983,yes
1984,yes
1985,yes
1986,no
1987,yes
1988,no
1989,no
1990,yes
1991,no
1992,no
1993,no
1994,yes
1995,yes
1996,yes
1997,yes
1998,no
1999,yes
2000,no
2001,yes
2002,yes
2003,no
2004,no
2005,yes
2006,yes
2007,no
2008,no
2009,yes
2010,no
2011,no
2012,yes
2013,yes
2014,no
2015,yes
2016,no
2017,no
2018,no
2019,no
2020,no
2021,no
2022,yes
2023,yes
2024,no
2025,no
2026,no
2027,yes
2028,yes
2029,no
2030,no
2031,no
2032,no
2033,yes
2034,no
2035,no
2036,no
2037,no
2038,yes
2039,no
2040,yes
2041,no
2042,no
2043,yes
2044,yes
2045,yes
2046,yes
2047,no
2048,no
2049,yes
2050,no
2051,yes
2052,no
2053,no
2054,yes
2055,yes
2056,no
2057,no
2058,yes
2059,yes
2060,yes
2061,no
2062,no
2063,yes
2064,yes
2065,no
2066,no
2067,yes
2068,yes
2069,yes
2070,yes
2071,yes
2072,no
2073,yes
2074,yes
2075,yes
2076,no
2077,yes
2078,yes
2079,yes
2080,no
2081,no
2082,no
2083,no
2084,yes
2085,yes
2086,no
2087,no
2088,no
2089,yes
2090,no
2091,yes
2092,yes
2093,no
2094,no
2095,no
2096,yes
2097,no
2098,yes
2099,yes
2100,no
2101,yes
2102,no
2103,no
2104,no
2105,no
2106,no
2107,yes
2108,no
2109,yes
2110,no
2111,no
2112,no
2113,no
2114,yes
2115,yes
2116,no
2117,yes
2118,no
2119,no
2120,no
2121,no
2122,no
2123,no
2124,yes
2125,no
2126,no
2127,no
2128,yes
2129,no
2130,no
2131,no
2132,yes
2133,yes
2134,yes
2135,no
2136,no
2137,no
2138,yes
2139,yes
2140,yes
2141,yes
2142,yes
2143,no
2144,no
2145,yes
2146,no
2147,yes
2148,no
2149,no
2150,yes
2151,no
2152,no
2153,no
2154,yes
2155,no
2156,no
2157,yes
2158,yes
2159,no
2160,no
2161,no
2162,no
2163,yes
2164,no
2165,yes
2166,no
2167,no
2168,no
2169,no
2170,yes
2171,yes
2172,yes
2173,no
2174,yes
2175,yes
2176,yes
2177,yes
2178,yes
2179,no
2180,no
2181,no
2182,yes
2183,no
2184,yes
2185,yes
2186,yes
2187,yes
2188,no
2189,no
2190,yes
2191,yes
2192,no
2193,yes
2194,no
2195,no
2196,no
2197,no
2198,yes
2199,no
2200,no
2201,no
2202,yes
2203,yes
2204,yes
2205,no
2206,no
2207,yes
2208,no
2209,yes
2210,no
2211,no
2212,no
2213,no
2214,yes
2215,no
2216,no
2217,no
2218,no
2219,yes
2220,yes
2221,yes
2222,no
2223,no
2224,no
2225,yes
2226,no
2227,no
2228,no
2229,yes
2230,yes
2231,no
2232,no
2233,yes
2234,yes
2235,no
2236,no
2237,no
2238,no
2239,yes
2240,no
2241,yes
2242,no
2243,no
2244,yes
2245,no
2246,yes
2247,yes
2248,yes
2249,no
2250,no
2251,no
2252,yes
2253,no
2254,yes
2255,no
2256,no
2257,yes
2258,yes
2259,yes
2260,no
2261,no
2262,no
2263,no
2264,no
2265,no
2266,no
2267,no
2268,yes
2269,yes
2270,no
2271,no
2272,yes
2273,no
2274,no
2275,yes
2276,yes
2277,no
2278,yes
2279,yes
2280,no
2281,no
2282,no
2283,no
2284,no
2285,no
2286,no
2287,no
2288,yes
2289,yes
2290,no
2291,no
2292,no
2293,yes
2294,yes
2295,no
2296,yes
2297,no
2298,yes
2299,no
2300,no
2301,no
2302,no
2303,yes
2304,yes
2305,yes
2306,no
2307,no
2308,no
2309,no
2310,yes
2311,yes
2312,yes
2313,no
2314,yes
2315,no
2316,no
2317,yes
2318,yes
2319,no
2320,yes
2321,no
2322,no
2323,yes
2324,yes
2325,yes
2326,no
2327,yes
2328,yes
2329,no
2330,yes
2331,yes
2332,yes
2333,yes
2334,no
2335,yes
2336,no
2337,yes
2338,yes
2339,yes
2340,no
2341,no
2342,yes
2343,no
2344,no
2345,no
2346,yes
2347,no
2348,yes
2349,no
2350,no
2351,yes
2352,yes
2353,no
2354,yes
2355,no
2356,no
2357,no
2358,no
2359,yes
2360,no
2361,no
2362,yes
2363,yes
2364,no
2365,no
2366,yes
2367,no
2368,no
2369,yes
2370,yes
2371,yes
2372,yes
2373,no
2374,yes
2375,no
2376,yes
2377,yes
2378,yes
2379,no
2380,yes
2381,no
2382,no
2383,yes
2384,no
2385,yes
2386,no
2387,yes
2388,no
2389,no
2390,no
2391,yes
2392,no
2393,no
2394,yes
2395,yes
2396,no
2397,no
2398,no
2399,yes
2400,yes
2401,no
2402,yes
2403,no
2404,no
2405,no
2406,no
2407,no
2408,yes
2409,no
2410,no
2411,yes
2412,no
2413,yes
2414,no
2415,no
2416,no
2417,no
2418,no
2419,yes
2420,yes
2421,no
2422,no
2423,no
2424,yes
2425,yes
2426,no
2427,no
2428,yes
2429,yes
2430,no
2431,no
2432,no
2433,yes
2434,yes
2435,yes
2436,yes
2437,yes
2438,yes
2439,yes
2440,no
2441,no
2442,no
2443,no
2444,no
2445,yes
2446,no
2447,yes
2448,yes
2449,yes
2450,no
2451,no
2452,no
2453,yes
2454,no
2455,yes
2456,yes
2457,no
2458,no
2459,no
2460,yes
2461,no
2462,no
2463,no
2464,yes
2465,no
2466,no
2467,no
2468,no
2469,yes
2470,no
2471,no
2472,yes
2473,no
2474,yes
2475,yes
2476,yes
2477,no
2478,no
2479,yes
2480,no
2481,yes
2482,no
2483,no
2484,no
2485,no
2486,no
2487,no
2488,yes
2489,no
2490,yes
2491,yes
2492,no
2493,no
2494,yes
2495,yes
2496,yes
2497,yes
2498,no
2499,yes
2500,no
2501,yes
2502,no
2503,no
2504,no
2505,no
2506,yes
2507,no
2508,yes
2509,no
2510,no
2511,yes
2512,no
2513,no
2514,no
2515,yes
2516,no
2517,no
2518,yes
2519,no
2520,yes
2521,no
2522,no
2523,no
2524,no
2525,yes
2526,yes
2527,yes
2528,yes
2529,no
2530,no
2531,yes
2532,yes
2533,yes
2534,no
2535,no
2536,yes
2537,yes
2538,yes
2539,yes
2540,yes
2541,yes
2542,yes
2543,yes
2544,no
2545,no
2546,yes
2547,yes
2548,no
2549,no
2550,no
2551,yes
2552,yes
2553,no
2554,yes
2555,no
2556,yes
2557,no
2558,yes
2559,no
2560,no
2561,no
2562,no
2563,yes
2564,no
2565,no
2566,no
2567,yes
2568,no
2569,yes
2570,no
2571,yes
2572,no
2573,no
2574,yes
2575,no
2576,no
2577,no
2578,no
2579,yes
2580,no
2581,yes
2582,yes
2583,no
2584,yes
2585,yes
2586,no
2587,no
2588,yes
2589,no
2590,no
2591,yes
2592,yes
2593,no
2594,no
2595,no
2596,no
2597,yes
2598,no
2599,no
2600,no
2601,no
2602,yes
2603,yes
2604,no
2605,no
2606,no
2607,no
2608,no
2609,no
2610,no
2611,yes
2612,no
2613,yes
2614,no
2615,no
2616,no
2617,yes
2618,yes
2619,no
2620,no
2621,yes
2622,no
2623,yes
2624,no
2625,no
2626,no
2627,no
2628,no
2629,no
2630,no
2631,no
2632,no
2633,no
2634,yes
2635,no
2636,no
2637,yes
2638,no
2639,yes
2640,no
2641,no
2642,no
2643,no
2644,yes
2645,no
2646,no
2647,no
2648,no
2649,yes
2650,yes
2651,yes
2652,no
2653,no
2654,yes
2655,no
2656,no
2657,yes
2658,no
2659,no
2660,yes
2661,no
2662,yes
2663,yes
2664,no
2665,yes
2666,no
2667,no
2668,yes
2669,yes
2670,yes
2671,yes
2672,yes
2673,yes
2674,no
2675,no
2676,yes
2677,no
2678,yes
2679,yes
2680,yes
2681,yes
2682,no
2683,no
2684,no
2685,yes
2686,no
2687,no
2688,yes
2689,no
2690,no
2691,no
2692,no
2693,yes
2694,yes
2695,yes
2696,yes
2697,no
2698,yes
2699,yes
2700,yes
2701,no
2702,no
2703,yes
2704,no
2705,no
2706,no
2707,no
2708,no
2709,no
2710,yes
2711,no
2712,yes
2713,no
2714,no
2715,yes
2716,no
2717,yes
2718,no
2719,no
2720,yes
2721,no
2722,no
2723,no
2724,yes
2725,no
2726,no
2727,no
2728,no
2729,yes
2730,no
2731,yes
2732,yes
2733,no
2734,no
2735,no
2736,yes
2737,no
2738,yes
2739,no
2740,yes
2741,yes
2742,no
2743,yes
2744,yes
2745,no
2746,no
2747,no
2748,no
2749,no
2750,yes
2751,no
2752,yes
2753,yes
2754,no
2755,no
2756,no
2757,no
2758,yes
2759,no
2760,no
2761,yes
2762,no
2763,no
2764,no
2765,yes
2766,no
2767,no
2768,yes
2769,yes
2770,no
2771,no
2772,no
2773,no
2774,yes
2775,yes
2776,no
2777,no
2778,yes
2779,no
2780,yes
2781,no
2782,no
2783,no
2784,yes
2785,no
2786,no
2787,no
2788,yes
2789,yes
2790,no
